box_id,ok,inf_S,max_subdivision_depth,elapsed_seconds,lambda1_lower,lambda2_upper,mass_matrix_lower,lambda3_lower,lambda3_minus_3pi2_over2_lower
58,1,3.32394868182169745e+01,1,4.87808040000000034e+01,8.12508664948954973e+00,1.21219680690397009e+01,1.20472945712012891e-01,1.92734444893140662e+01,4.46903788768002386e+00
118,1,2.11346089327599742e+01,1,7.77377240000000000e+01,8.18882795797139451e+00,1.19670348446696284e+01,1.18713544379621741e-01,1.92135073405252363e+01,4.40910073889119403e+00
178,1,2.86566646248184256e+01,1,1.38697078000000005e+02,8.14322972749717877e+00,1.22169385250169107e+01,1.17438826880207764e-01,1.94291359918015623e+01,4.62472939016751994e+00
238,1,9.40577064914749172e+00,1,1.80450021999999990e+02,8.01346594264169276e+00,1.23197453369884951e+01,1.17095013106898529e-01,1.89143162796697410e+01,4.10990967803569873e+00
298,1,3.12299756168274740e+01,1,2.41315983999999986e+02,8.21402111451609329e+00,1.21075920537333239e+01,1.20535369433228137e-01,1.94970011137757879e+01,4.69259451214174561e+00
358,1,2.30126758943941567e+01,1,2.83082191000000023e+02,7.93611025664079861e+00,1.25828347175340358e+01,1.20374280846995585e-01,1.90199503893991135e+01,4.21554378776507122e+00
418,1,2.91660097202854232e+01,1,3.44073134999999979e+02,8.15349251274496822e+00,1.21982213360509117e+01,1.20090848851791041e-01,1.93987654676412866e+01,4.59435886600724430e+00
478,1,1.29073954715836905e+01,1,4.04788435999999990e+02,7.95198125039387005e+00,1.26865617007953997e+01,1.17705347986369793e-01,1.92880837760904740e+01,4.48367717445643166e+00
538,1,2.05052017276484513e+01,1,4.65761525000000006e+02,7.95509719377069491e+00,1.26580677932424059e+01,1.18146167751756709e-01,1.92583668631289058e+01,4.45396026149486346e+00
598,1,2.85923250505924855e+01,1,5.26757596000000035e+02,8.07430744359578867e+00,1.24477026981505219e+01,1.22745694178662587e-01,1.94198833877452266e+01,4.61547678611118428e+00
658,1,2.90247464206274373e+01,0,5.40002718999999956e+02,7.68929788846972251e+00,1.31287916944126444e+01,1.13874371959849341e-01,1.82558861753046315e+01,3.45147957367058922e+00
718,1,8.82532884284623975e+00,1,5.63705656999999974e+02,8.12155599274518103e+00,1.22327634558631626e+01,1.24666756519979091e-01,1.92656576061461280e+01,4.46125100451208567e+00
778,1,2.82348782775142411e+01,0,5.70416201999999998e+02,7.70092467529663338e+00,1.31332314343356877e+01,1.16494722766197392e-01,1.84677358357791128e+01,3.66332923414507050e+00
838,1,1.51468601323555951e+01,1,5.91702024000000051e+02,7.93597535841868407e+00,1.26626024268735407e+01,1.23685668188465520e-01,1.90814182030383996e+01,4.27701160140435732e+00
898,1,1.51468601323554495e+01,1,6.24931404000000043e+02,7.93597535841868407e+00,1.26626024268735407e+01,1.23685668188465520e-01,1.90814182030383996e+01,4.27701160140435732e+00
958,1,2.82348782775142375e+01,0,6.31731883000000039e+02,7.70092467529663338e+00,1.31332314343356877e+01,1.16494722766197392e-01,1.84677358357791093e+01,3.66332923414506695e+00
1018,1,8.82532884284614028e+00,1,6.53627793999999994e+02,8.12155599274518103e+00,1.22327634558631644e+01,1.24666756519979091e-01,1.92656576061461280e+01,4.46125100451208567e+00
1078,1,2.90247464206274870e+01,0,6.60422912999999994e+02,7.68929788846972251e+00,1.31287916944126444e+01,1.13874371959849327e-01,1.82558861753046351e+01,3.45147957367059277e+00
1138,1,2.85923250505930113e+01,1,6.91442149999999970e+02,8.07430744359578689e+00,1.24477026981505219e+01,1.22745694178662573e-01,1.94198833877452266e+01,4.61547678611118428e+00
1198,1,2.05052017276482772e+01,1,7.22231892000000016e+02,7.95509719377069491e+00,1.26580677932424077e+01,1.18146167751756695e-01,1.92583668631289058e+01,4.45396026149486346e+00
1258,1,1.29073954715836337e+01,1,7.52870236999999975e+02,7.95198125039387183e+00,1.26865617007953979e+01,1.17705347986369779e-01,1.92880837760904740e+01,4.48367717445643166e+00
1318,1,2.91660097202854018e+01,1,7.83727530000000002e+02,8.15349251274496822e+00,1.21982213360509117e+01,1.20090848851791054e-01,1.93987654676412866e+01,4.59435886600724430e+00
1378,1,2.30126758943940075e+01,1,8.04814688000000046e+02,7.93611025664079861e+00,1.25828347175340340e+01,1.20374280846995585e-01,1.90199503893991135e+01,4.21554378776507122e+00
1438,1,3.12299756168274705e+01,1,8.35451853000000028e+02,8.21402111451609329e+00,1.21075920537333239e+01,1.20535369433228123e-01,1.94970011137757844e+01,4.69259451214174206e+00
1498,1,9.40577064914747041e+00,1,8.57732099999999946e+02,8.01346594264169276e+00,1.23197453369884951e+01,1.17095013106898516e-01,1.89143162796697410e+01,4.10990967803569873e+00
1558,1,2.86566646248184966e+01,1,8.88860863999999992e+02,8.14322972749718055e+00,1.22169385250169107e+01,1.17438826880207750e-01,1.94291359918015623e+01,4.62472939016751994e+00
1618,1,2.11346089327600382e+01,1,9.10013825999999995e+02,8.18882795797139451e+00,1.19670348446696266e+01,1.18713544379621741e-01,1.92135073405252363e+01,4.40910073889119403e+00
1678,1,3.32394868182168750e+01,1,9.31254142999999999e+02,8.12508664948954973e+00,1.21219680690396991e+01,1.20472945712012891e-01,1.92734444893140662e+01,4.46903788768002386e+00
1738,1,1.93290619383498594e+01,1,9.52385628999999994e+02,8.29734533999351420e+00,1.18424851125976041e+01,1.19192067920508155e-01,1.94234077836723742e+01,4.61900118203833188e+00
1798,1,7.91335726522581240e+00,0,9.59044363999999973e+02,8.02337367535528756e+00,1.23946223165475153e+01,1.22128479657945779e-01,1.92934314699082989e+01,4.48902486827425662e+00
1858,1,1.52282166688652687e+01,1,9.80210334999999986e+02,8.24650342112988710e+00,1.19101145064140095e+01,1.20969559916876565e-01,1.92891450379911227e+01,4.48473843635708036e+00
1918,1,1.74711208752595795e+01,1,1.01099261300000001e+03,8.09476190358009617e+00,1.23754898139980298e+01,1.19409733347580552e-01,1.94083575919469666e+01,4.60395099031292432e+00
1978,1,2.49393772173863475e+01,1,1.04320956900000010e+03,8.10407313810011409e+00,1.23304633301068964e+01,1.20536200583394565e-01,1.93813585066464675e+01,4.57695190501242521e+00
2038,1,2.86493655412384491e+01,1,1.07406399200000010e+03,8.14322862905850364e+00,1.22169397124456740e+01,1.17438826880207750e-01,1.94291359918015623e+01,4.62472939016751994e+00
2098,1,1.51352777012306312e+01,1,1.09517196600000011e+03,7.93597048493781099e+00,1.26626067249915302e+01,1.23685668188465520e-01,1.90814182030383996e+01,4.27701160140435732e+00
2158,1,2.11331425421250820e+01,1,1.11633107500000006e+03,8.18882841906753356e+00,1.19670345512978447e+01,1.18713544379621741e-01,1.92135073405252434e+01,4.40910073889120113e+00
2218,1,2.72413861237045296e+01,1,1.14715883800000006e+03,7.91686910280543099e+00,1.28074476463856275e+01,1.20624499240677002e-01,1.92934469189520321e+01,4.48904031731798980e+00
2278,1,2.61974959692087666e+01,1,1.17827026599999999e+03,8.02578137719620877e+00,1.24642894946629337e+01,1.17868823849170953e-01,1.92979618338957160e+01,4.49355523226167364e+00
2338,1,3.65723668621981659e+01,1,1.20901872200000003e+03,7.99094698867991138e+00,1.25693928982774459e+01,1.18754981787525415e-01,1.93326695324526021e+01,4.52826293081855979e+00
2398,1,5.41724694977356336e+00,1,1.23004969499999993e+03,7.79826878065499152e+00,1.29038412028683727e+01,1.18581348450555069e-01,1.86277683508359360e+01,3.82336174920189364e+00
2458,1,4.16197084687820720e+01,0,1.23669829899999991e+03,8.02226517638873204e+00,1.22553748724948974e+01,1.16282834780050082e-01,1.91796253416105138e+01,4.37521873997647148e+00
2518,1,7.87204925891461755e+01,0,1.24330312600000002e+03,7.73286554830503281e+00,1.31356061852962132e+01,1.21849630997880848e-01,1.87182663504366964e+01,3.91385974880265408e+00
2578,1,1.36092340276470196e+01,0,1.24998125299999992e+03,7.89964075006606681e+00,1.25135875423385095e+01,1.11558939492440057e-01,1.86369984952312748e+01,3.83259189359723251e+00
2638,1,2.91027063082494664e+01,1,1.27099890499999992e+03,7.85318151810537479e+00,1.27937754443755409e+01,1.19972349776389431e-01,1.87532367718161304e+01,3.94883017018208804e+00
2698,1,2.37805296406466056e+01,1,1.29202787499999999e+03,7.85495997213355057e+00,1.27954559802717114e+01,1.20755932660623580e-01,1.88125396648528600e+01,4.00813306321881768e+00
2758,1,9.37220936671981519e+00,1,1.31363399699999991e+03,8.01346148302086725e+00,1.23197439882962065e+01,1.17095013106898529e-01,1.89143162796697446e+01,4.10990967803570229e+00
2818,1,2.82279711854561199e+01,0,1.32031980100000010e+03,7.70092559294373746e+00,1.31332303223607969e+01,1.16494722766197392e-01,1.84677358357791199e+01,3.66332923414507761e+00
2878,1,3.32313747413899350e+01,1,1.34143861399999992e+03,8.12508101320756104e+00,1.21219675998650818e+01,1.20472945712012891e-01,1.92734444893140733e+01,4.46903788768003096e+00
2938,1,3.22804480144401182e+01,1,1.37225998299999992e+03,7.91745830120272664e+00,1.27912759681089980e+01,1.20498420722106175e-01,1.92717773761845876e+01,4.46737077455054532e+00
2998,1,1.70714219027115774e+01,1,1.40292451099999994e+03,8.01942961418620293e+00,1.25013686086733564e+01,1.17180274130325154e-01,1.93314583208267301e+01,4.52705171919268778e+00
3058,1,2.27216023133560334e+01,1,1.43370784800000001e+03,8.08245310257561833e+00,1.23401933639122969e+01,1.18212229500419957e-01,1.93353511391746338e+01,4.53094453754059145e+00
3118,1,2.23442426128085394e+01,1,1.46448575200000005e+03,7.98556864146381429e+00,1.26436775902969227e+01,1.20896664646772803e-01,1.93454647340495178e+01,4.54105813241547551e+00
3178,1,2.57513149849877081e+01,1,1.48569716700000004e+03,8.25207916071714820e+00,1.18706258709626571e+01,1.20182395334050354e-01,1.92820237818303397e+01,4.47761718019629740e+00
3238,1,1.95013420112851001e+01,1,1.50680227700000000e+03,8.03933426575386179e+00,1.24603081046666571e+01,1.26173370520061306e-01,1.92162332923530421e+01,4.41182669071899980e+00
3298,1,3.19218250363054104e+01,1,1.53744192300000009e+03,8.19943678018115385e+00,1.21077944394182122e+01,1.18239709973781568e-01,1.94739559378741625e+01,4.66954933624012014e+00
3358,1,3.74227337551937254e+01,1,1.56843699399999991e+03,8.18907636023353724e+00,1.21571846566803714e+01,1.23673069524923573e-01,1.94623710587791088e+01,4.65796445714506646e+00
3418,1,3.05314530898119294e+01,1,1.59900254300000006e+03,8.17839745472904234e+00,1.22033076840894807e+01,1.22228453268449583e-01,1.94852534091549181e+01,4.68084680752087579e+00
3478,1,3.30345697411605030e+01,1,1.62985654000000000e+03,8.34420629434201899e+00,1.17871249636196662e+01,1.21538400633537033e-01,1.94661078647194330e+01,4.66170126308539068e+00
3538,1,5.24831248768398240e+00,1,1.65099130399999990e+03,8.20419551069704767e+00,1.20859402837749332e+01,1.29189993629948707e-01,1.92732757069571825e+01,4.46886910532314019e+00
3598,1,3.33872785184495910e+01,1,1.68166191200000003e+03,8.37309580086155414e+00,1.17452329077104896e+01,1.18740304337386166e-01,1.95381284635184933e+01,4.73372186188445099e+00
3658,1,9.41426970851845191e+00,1,1.71231980399999998e+03,8.32333914532433994e+00,1.18827783574258188e+01,1.17298649303958780e-01,1.93552537908923838e+01,4.55084718925834153e+00
3718,1,2.80652344760815602e+01,1,1.74757038499999999e+03,8.35640119144792770e+00,1.17981729927947772e+01,1.12119794752601393e-01,1.95443208224808345e+01,4.73991422084679215e+00
3778,1,3.18330549985080182e+01,1,1.78301510800000005e+03,8.47910234720677103e+00,1.15190190272144442e+01,1.09772344163712871e-01,1.94915527514686104e+01,4.68714614983456812e+00
3838,1,2.22200927378104289e+01,1,1.81835565999999994e+03,8.40289560431380522e+00,1.17274654046441551e+01,1.10348621023160204e-01,1.94858133168400904e+01,4.68140671520604812e+00
3898,1,6.17698755228779817e+00,1,1.84418877500000008e+03,8.69932701963228183e+00,1.10830454932172167e+01,1.11054363501707443e-01,1.92321244198565822e+01,4.42771781822253985e+00
3958,1,1.99588306179716781e+01,1,1.87473279900000011e+03,8.50820371917620477e+00,1.15146405683713553e+01,1.09822486278063319e-01,1.93140399461364183e+01,4.50963334450237596e+00
4018,1,1.19214172319849254e+00,1,1.90521899299999995e+03,8.59627998449959208e+00,1.13309129038528855e+01,1.02961401032494237e-01,1.93902147819375941e+01,4.58580818030355175e+00
4078,1,1.38688552898991251e+01,1,1.93632793300000003e+03,8.65827985107908482e+00,1.12040397573357478e+01,1.02364032018859241e-01,1.92814667670987490e+01,4.47706016546470664e+00
4138,1,3.00208316019725991e+01,1,1.97154254799999990e+03,8.61892016871626687e+00,1.13046415963645188e+01,9.94789421581720734e-02,1.94694776629265007e+01,4.66507106129245841e+00
4198,1,5.43724717524545298e+00,0,1.97823804399999995e+03,8.69869069275011242e+00,1.09816952572488002e+01,9.52320867407983607e-02,1.90988130845303417e+01,4.29440648289629934e+00
4258,1,1.18250121868269851e+01,0,1.98490958500000011e+03,8.53604084463043478e+00,1.12877739932091679e+01,9.83716880250566916e-02,1.91520338260201370e+01,4.34762722438609472e+00
4318,1,6.63328465528406497e+00,0,1.99158949099999995e+03,8.69690181379577432e+00,1.10639251685413846e+01,9.37272435141522919e-02,1.93494568483064135e+01,4.54505024667237123e+00
4378,1,7.32925177887589285e+00,0,1.99827928599999996e+03,8.58083836209481454e+00,1.11693410601003098e+01,9.09572349979714256e-02,1.89377192793061084e+01,4.13331267767206612e+00
4438,1,4.22609657085702395e+00,1,2.02407562099999996e+03,8.76589691861344633e+00,1.10550150224844668e+01,9.82337476702974666e-02,1.92197174593456310e+01,4.41531085771158871e+00
4498,1,3.12090736969866001e+01,1,2.05477489500000001e+03,8.74247851641583829e+00,1.10310633174029356e+01,1.02179724888642104e-01,1.93252889987729155e+01,4.52088239713887319e+00
4558,1,2.87320248132739096e+01,1,2.08528667399999995e+03,8.65203220276806029e+00,1.12062064400958707e+01,1.00677033885735095e-01,1.93267428353823441e+01,4.52233623374830174e+00
4618,1,2.33484677211332325e+00,1,2.10622349399999985e+03,8.64018162446250848e+00,1.10984359478087047e+01,1.10672543661279987e-01,1.92436981072065585e+01,4.43929150557251617e+00
4678,1,9.15814741307011815e+00,1,2.12705799100000013e+03,8.43981435586918316e+00,1.14049963009428552e+01,1.06688344540822128e-01,1.90434985136769264e+01,4.23909191204288405e+00
4738,1,9.08713899285050708e+00,1,2.15720561399999997e+03,8.62374089506321440e+00,1.12624622212036130e+01,1.02225657980077517e-01,1.94028086363292971e+01,4.59840203469525477e+00
4798,1,1.78633369111972300e+01,1,2.18743840499999988e+03,8.47316423549637854e+00,1.14734042644604219e+01,1.07415315331568478e-01,1.92944431707548851e+01,4.49003656912084281e+00
4858,1,3.39716754347252348e+00,1,2.21760728400000016e+03,8.45181834042629276e+00,1.15414569786717234e+01,1.05089332331620711e-01,1.93342499592182122e+01,4.52984335758416989e+00
4918,1,3.20113553429450732e+01,1,2.24762201400000004e+03,8.45655622146109920e+00,1.15250933570612286e+01,1.14847700456709029e-01,1.94227132056334604e+01,4.61830660399941806e+00
4978,1,2.18824577072072195e+01,1,2.26818942500000003e+03,8.27149618821054666e+00,1.17535211443350676e+01,1.17590509668371507e-01,1.91334661708358915e+01,4.32905956920184920e+00
5038,1,2.51645745310784541e+01,1,2.29809345200000007e+03,8.47399149100102989e+00,1.15375132932914592e+01,1.13019063914785001e-01,1.95079065585638780e+01,4.70349995692983569e+00
5098,1,2.36380649845732904e+01,1,2.31901522900000009e+03,8.20236504656564414e+00,1.18908604824090709e+01,1.19999269929904187e-01,1.90944948375756063e+01,4.29008823594156397e+00
5158,1,3.09243052200530784e+01,1,2.34882287399999996e+03,8.30577797227947023e+00,1.18483643948499431e+01,1.16562122261237439e-01,1.94725472782499054e+01,4.66814067661586307e+00
5218,1,1.12287886390397631e+01,1,2.37872892000000002e+03,8.28097913668904617e+00,1.19645207709997337e+01,1.18379896188842607e-01,1.94557765138263328e+01,4.65136991219229046e+00
5278,1,2.77272126925638567e+01,1,2.40871680400000014e+03,8.24958815028448988e+00,1.20552536042254488e+01,1.24127570565535666e-01,1.94325911908805367e+01,4.62818458924649434e+00
5338,1,2.26813091628820693e+01,1,2.43839768599999979e+03,8.45735909119379592e+00,1.15772052661178524e+01,1.13467249998621955e-01,1.94959708556755764e+01,4.69156425404153410e+00
5398,1,2.20218485449951586e+01,1,2.46810899400000017e+03,8.31860600339577694e+00,1.19193401541986379e+01,1.22387629022670211e-01,1.94162576490773020e+01,4.61185104744325969e+00
5458,1,2.09475598451437044e+01,1,2.49757927900000004e+03,8.43247714621553079e+00,1.16026530798061280e+01,1.16050311918798499e-01,1.94109079423286737e+01,4.60650134069463135e+00
5518,1,1.56388330044119108e+01,1,2.53193831899999986e+03,8.41427438347018075e+00,1.16897291753230306e+01,1.07255551844235852e-01,1.94854275590653110e+01,4.68102095743126867e+00
5578,1,2.61498025913353658e+01,1,2.56637285699999984e+03,8.43656512947462645e+00,1.16176573162172101e+01,1.09664847068383198e-01,1.94728413315353492e+01,4.66843472990130692e+00
5638,1,1.19214172319848899e+00,1,2.59604363199999989e+03,8.59627998449959385e+00,1.13309129038528855e+01,1.02961401032494237e-01,1.93902147819375941e+01,4.58580818030355175e+00
5698,1,1.99588306179717421e+01,1,2.62594174199999998e+03,8.50820371917620477e+00,1.15146405683713553e+01,1.09822486278063347e-01,1.93140399461364183e+01,4.50963334450237596e+00
5758,1,6.17698755228790120e+00,1,2.65096910399999979e+03,8.69932701963228361e+00,1.10830454932172167e+01,1.11054363501707443e-01,1.92321244198565857e+01,4.42771781822254340e+00
5818,1,8.59915281959303002e+00,1,2.68061731000000009e+03,8.60794346333878657e+00,1.13303226974295796e+01,1.02022530820750856e-01,1.93127661236647015e+01,4.50835952203065915e+00
5878,1,2.09956253057551798e+01,1,2.70991926299999977e+03,8.70835951186846025e+00,1.11111733924733134e+01,1.02984524714926223e-01,1.93177197681004102e+01,4.51331316646636793e+00
5938,1,3.10119530891103246e+01,1,2.73875087600000006e+03,8.74196939596725109e+00,1.11004799013091056e+01,9.86375550233070941e-02,1.93894962151524197e+01,4.58508961351837740e+00
5998,1,1.44450829519392698e+01,1,2.75819347400000015e+03,8.63839854303059163e+00,1.11349724266644881e+01,1.01798128765199808e-01,1.91253374399756204e+01,4.32093083834157810e+00
6058,1,7.35380580591417043e+00,0,2.76436879700000009e+03,8.70870112615922132e+00,1.10493110116100475e+01,9.37201838569463042e-02,1.93544680372156606e+01,4.55006143558161824e+00
6118,1,2.66214685225630774e+01,0,2.77050338000000011e+03,8.58901161199218777e+00,1.12075580200532876e+01,9.75549511102378475e-02,1.91550807420822693e+01,4.35067414044822698e+00
6178,1,1.14649606378976756e+01,0,2.77656111099999998e+03,8.72224515651421584e+00,1.09499705102911093e+01,9.51162517313845768e-02,1.91035193329071440e+01,4.29911273127310167e+00
6238,1,1.44810871558849996e+01,1,2.80530795399999988e+03,8.66108034612995326e+00,1.11966227455579386e+01,9.85387076495138625e-02,1.93253159338562526e+01,4.52090933222221025e+00
6298,1,2.96919166824510086e+01,1,2.83318379999999979e+03,8.69929795542721962e+00,1.10994726292840049e+01,1.01151703204172411e-01,1.92898949429212543e+01,4.48548834128721197e+00
6358,1,9.08713899285052307e+00,1,2.86074481800000012e+03,8.62374089506321440e+00,1.12624622212036130e+01,1.02225657980077517e-01,1.94028086363292971e+01,4.59840203469525477e+00
6418,1,9.15814741307015368e+00,1,2.87993366999999989e+03,8.43981435586918316e+00,1.14049963009428552e+01,1.06688344540822128e-01,1.90434985136769370e+01,4.23909191204289471e+00
6478,1,2.33484677211351155e+00,1,2.89916005899999982e+03,8.64018162446250848e+00,1.10984359478087047e+01,1.10672543661279987e-01,1.92436981072065585e+01,4.43929150557251617e+00
6538,1,2.09421678569213086e+01,1,2.92690951099999984e+03,8.44028593491394119e+00,1.15574435818791059e+01,1.07254205911239492e-01,1.93384791320544593e+01,4.53407253042041702e+00
6598,1,1.69991643159293737e+01,1,2.95509115599999996e+03,8.51205224097248703e+00,1.14073402436534579e+01,1.08009605489959193e-01,1.93269828885020445e+01,4.52257628686800217e+00
6658,1,1.20496176494753620e+01,1,2.98271500299999980e+03,8.38607255510335747e+00,1.16794983012739593e+01,1.10382075402300078e-01,1.94093423004319732e+01,4.60493569879793085e+00
6718,1,1.02875005535752351e+00,1,3.00551237300000003e+03,8.33973207728207733e+00,1.17132334939283052e+01,1.13565647795783098e-01,1.89976314315562114e+01,4.19322482992216905e+00
6778,1,3.56078086158430906e+01,1,3.03303473900000017e+03,8.38841831200077515e+00,1.17054185744881849e+01,1.18234381356129570e-01,1.95602043941764414e+01,4.75579779254239909e+00
6838,1,1.87987169236733962e+01,0,3.03907768100000021e+03,8.09768802879169058e+00,1.20655933024271995e+01,1.15623930619650386e-01,1.87110022919735641e+01,3.90659569033952181e+00
6898,1,1.40486365303742389e+00,1,3.05798790099999997e+03,8.29303346558932830e+00,1.17119882373929265e+01,1.19754616941737002e-01,1.92149907899344043e+01,4.41058418830036203e+00
6958,1,1.92398789500497713e+00,1,3.07674654199999986e+03,8.20955148282061486e+00,1.18576390698389549e+01,1.18173078713785726e-01,1.90642071483073714e+01,4.25980054667332908e+00
7018,1,3.89533817782361496e+01,1,3.10290181100000018e+03,8.28074685139004352e+00,1.18930984751275268e+01,1.17181814815620761e-01,1.94565211817457353e+01,4.65211458011169299e+00
7078,1,3.20013529139363513e+01,1,3.12791086499999983e+03,8.45655261911050893e+00,1.15250970843306018e+01,1.14847700456709029e-01,1.94227132056334568e+01,4.61830660399941451e+00
7138,1,2.18468849156300067e+01,1,3.14452683999999999e+03,8.27145981174091105e+00,1.17535586871135997e+01,1.17590509668371507e-01,1.91334661708358951e+01,4.32905956920185275e+00
7198,1,2.51602411147424192e+01,1,3.16868301699999984e+03,8.47398960339716645e+00,1.15375152733135895e+01,1.13019063914785001e-01,1.95079065585638745e+01,4.70349995692983214e+00
7258,1,3.13892266513410121e+01,1,3.19312253599999985e+03,8.44908995048741396e+00,1.15209965432086126e+01,1.07934049671765092e-01,1.93006334866400771e+01,4.49622688500603473e+00
7318,1,6.71372535234588952e-02,1,3.21692039299999988e+03,8.47963498049197284e+00,1.14998820823161765e+01,1.04900983894870986e-01,1.93645084128742901e+01,4.56010181124024783e+00
7378,1,1.75924843721116524e+01,1,3.24109019699999999e+03,8.62694563099320177e+00,1.12091475780909580e+01,1.04192251715184647e-01,1.93096670563374566e+01,4.50526045470341430e+00
7438,1,1.77534784864904900e+01,1,3.26496727599999986e+03,8.54530552905069740e+00,1.13712983895940241e+01,1.02944261867563003e-01,1.93153902733109675e+01,4.51098367167692516e+00
7498,1,1.94048529012654640e+01,1,3.28147125999999980e+03,8.76899450202695263e+00,1.09244021977847829e+01,1.09218038768953973e-01,1.92782508812551399e+01,4.47384427962109754e+00
7558,1,6.81477970818303191e-01,0,3.28670451000000003e+03,8.45177496321229604e+00,1.13394425759026358e+01,9.47482744171890823e-02,1.88533428694807661e+01,4.04893626784672378e+00
7618,1,2.20052845629783782e+01,1,3.31058305999999993e+03,8.72403740285265172e+00,1.11080507680830358e+01,1.00164290530462330e-01,1.94118478911958725e+01,4.60744128956183019e+00
7678,1,1.71462324622424944e+01,1,3.32694480500000009e+03,8.70451374148253976e+00,1.10238998505842307e+01,9.99109842873660836e-02,1.91162781018845074e+01,4.31187150025046506e+00
7738,1,5.09864438462457414e+00,1,3.34697721700000011e+03,8.74365643741091070e+00,1.10882258732502610e+01,9.82629764263971417e-02,1.91788543503177600e+01,4.37444774868371766e+00
7798,1,5.42371778909780033e+00,0,3.35218071000000009e+03,8.69868276888905356e+00,1.09817031063607669e+01,9.52320867407983607e-02,1.90988130845303417e+01,4.29440648289629934e+00
7858,1,1.18225718666212849e+01,0,3.35741240699999980e+03,8.53604969608870512e+00,1.12877648912294326e+01,9.83716880250567194e-02,1.91520338260201335e+01,4.34762722438609117e+00
7918,1,6.63939732019963458e+00,0,3.36263107600000012e+03,8.69690456534559253e+00,1.10639223888618243e+01,9.37272435141522919e-02,1.93494568483064171e+01,4.54505024667237478e+00
7978,1,1.90775698943738661e+01,1,3.38651761900000020e+03,8.62641923702754099e+00,1.12739888129798178e+01,1.03002712483519887e-01,1.92826951530528277e+01,4.47828855141878535e+00
8038,1,4.43685460843540547e+00,1,3.41018578399999979e+03,8.65109438248602736e+00,1.12445548773611037e+01,9.92740735947709452e-02,1.93470863184866815e+01,4.54267971685263916e+00
8098,1,3.15376819004626441e+00,1,3.43389274299999988e+03,8.59123723348549717e+00,1.13100024262698362e+01,1.05538491621058744e-01,1.93009836050655075e+01,4.49657700343146516e+00
8158,1,2.29634302804660422e+01,1,3.46123948500000006e+03,8.50204614527591396e+00,1.15271236598733555e+01,1.05247865904487897e-01,1.94621776214788298e+01,4.65777101984478747e+00
8218,1,3.55070520232739568e+01,1,3.48499632199999996e+03,8.60145379370437801e+00,1.12806985542709377e+01,1.14057134627988721e-01,1.94437269162495809e+01,4.63932031461553862e+00
8278,1,1.66406862899461778e+01,1,3.50853184000000010e+03,8.40834264599450343e+00,1.17196019113087146e+01,1.15011788448152630e-01,1.93410964389047422e+01,4.53668983727069985e+00
8338,1,3.01862724214879528e+01,1,3.53571903800000018e+03,8.49393684876953792e+00,1.15144726933727011e+01,1.06985175253037440e-01,1.95422549254885851e+01,4.73784832385454280e+00
8398,1,2.46098272200674018e+00,1,3.55908280999999988e+03,8.34300516795281943e+00,1.18163196567800650e+01,1.15416947535550901e-01,1.93431371318862091e+01,4.53873053025216677e+00
8458,1,2.58760542097280677e+01,1,3.58614377599999989e+03,8.32734711838030606e+00,1.18746695768855570e+01,1.13313176789954534e-01,1.95304231414173088e+01,4.72601653978326652e+00
8518,1,3.30257871927426834e+01,1,3.60955437399999983e+03,8.34420205080824395e+00,1.17871293906432744e+01,1.21538400633537019e-01,1.94661078647194330e+01,4.66170126308539068e+00
8578,1,5.23007547953288920e+00,1,3.62560488500000019e+03,8.20417671975361884e+00,1.20859428542543821e+01,1.29189993629948707e-01,1.92732757069571825e+01,4.46886910532314019e+00
8638,1,3.33861042091149471e+01,1,3.64898570199999995e+03,8.37309594647885014e+00,1.17452327275937964e+01,1.18740304337386166e-01,1.95381284635184933e+01,4.73372186188445099e+00
8698,1,1.05970879153090607e+01,1,3.66503173900000002e+03,8.19667313522900010e+00,1.19170526009511146e+01,1.19575162746272140e-01,1.91775049156670043e+01,4.37309831403296201e+00
8758,1,5.88265160431895140e-01,1,3.68510857799999985e+03,8.32316481865898972e+00,1.17867938619633268e+01,1.19027684955909749e-01,1.91298070341438056e+01,4.32540043250976325e+00
8818,1,1.20389859972159208e+01,1,3.70849950500000023e+03,8.38606808024709949e+00,1.16795030158136015e+01,1.10382075402300078e-01,1.94093423004319767e+01,4.60493569879793441e+00
8878,1,9.95329479134834827e-01,1,3.72828049000000010e+03,8.33970258646495211e+00,1.17132381103298666e+01,1.13565647795783098e-01,1.89976314315562078e+01,4.19322482992216550e+00
8938,1,2.02055505318953834e+01,1,3.75181855899999982e+03,8.56998770135529675e+00,1.13629393215445287e+01,1.08559714363659826e-01,1.94791420584575263e+01,4.67473545682348401e+00
8998,1,3.56323471536055081e+00,1,3.76792004200000019e+03,8.34223336463194087e+00,1.15943705558616212e+01,1.12066087392289376e-01,1.90812039412772521e+01,4.27679733964320974e+00
9058,1,2.53791995767504233e+01,1,3.79204315200000019e+03,8.56204965190601541e+00,1.13287741202330015e+01,1.10283869954999780e-01,1.93848869400030281e+01,4.58048033836898583e+00
9118,1,1.18871209183138760e+00,1,3.81612882300000001e+03,8.55603891661903937e+00,1.13587613417253213e+01,1.00830936505845042e-01,1.93125952449413489e+01,4.50818864330730662e+00
9178,1,1.64200013708597865e+01,1,3.84029439700000012e+03,8.58517304228923450e+00,1.12761995345528714e+01,1.03308048375752609e-01,1.92730166891972914e+01,4.46861008756324907e+00
9238,1,2.20052845629780585e+01,1,3.86421980600000006e+03,8.72403740285265172e+00,1.11080507680830376e+01,1.00164290530462330e-01,1.94118478911958690e+01,4.60744128956182664e+00
9298,1,6.81477970818228584e-01,0,3.86941444000000001e+03,8.45177496321229604e+00,1.13394425759026358e+01,9.47482744171890823e-02,1.88533428694807661e+01,4.04893626784672378e+00
9358,1,1.94048529012653646e+01,1,3.88583829299999979e+03,8.76899450202695263e+00,1.09244021977847847e+01,1.09218038768953973e-01,1.92782508812551363e+01,4.47384427962109399e+00
9418,1,1.16167987611090098e+01,1,3.90235788599999978e+03,8.66420846586458282e+00,1.11321067097223807e+01,1.00456769305163035e-01,1.91888638087270955e+01,4.38445720709305320e+00
9478,1,1.96839753667731934e+01,1,3.91879701999999997e+03,8.74992723501987690e+00,1.09548833193175827e+01,1.01412113758169775e-01,1.91609361125670290e+01,4.35652951093298668e+00
9538,1,3.10160811263968625e+01,1,3.94281340700000010e+03,8.74196968475237135e+00,1.11004796087516553e+01,9.86375550233070941e-02,1.93894962151524162e+01,4.58508961351837385e+00
9598,1,1.44368445172244932e+01,1,3.95921501399999988e+03,8.63838208711597133e+00,1.11349887827720302e+01,1.01798128765199808e-01,1.91253374399756240e+01,4.32093083834158165e+00
9658,1,2.98383324055926380e+00,1,3.97933878199999981e+03,8.75663008106291585e+00,1.10667004720794591e+01,1.03566615838477649e-01,1.93212074814491999e+01,4.51680087981515754e+00
9718,1,3.03503909157702090e+01,1,4.00323040399999991e+03,8.61069220586919926e+00,1.13285514598223749e+01,1.07719386043249099e-01,1.93508142024291843e+01,4.54640760079514195e+00
9778,1,3.59504292592643466e+01,1,4.02727276799999981e+03,8.76954464870346406e+00,1.10075330103316613e+01,1.05561793362037387e-01,1.93771861984361031e+01,4.57277959680206081e+00
9838,1,1.64602304238012884e+01,1,4.05468182100000013e+03,8.51371374737468223e+00,1.14942941420605607e+01,1.02467382345723057e-01,1.94637184389410152e+01,4.65931183730697285e+00
9898,1,2.80515349978963968e+01,1,4.08231725899999992e+03,8.54412689504225753e+00,1.14075217592485565e+01,1.05155898514654261e-01,1.94502112233667006e+01,4.64580462173265829e+00
9958,1,3.01862724214878746e+01,1,4.10936603099999957e+03,8.49393684876953614e+00,1.15144726933727028e+01,1.06985175253037440e-01,1.95422549254885851e+01,4.73784832385454280e+00
10018,1,1.66406862899460712e+01,1,4.13317586800000026e+03,8.40834264599450343e+00,1.17196019113087146e+01,1.15011788448152630e-01,1.93410964389047422e+01,4.53668983727069985e+00
10078,1,3.55070520232739071e+01,1,4.15706187500000033e+03,8.60145379370437801e+00,1.12806985542709377e+01,1.14057134627988721e-01,1.94437269162495809e+01,4.63932031461553862e+00
10138,1,1.39625600563390684e+00,1,4.18056897500000014e+03,8.31671802455947784e+00,1.19148949273801996e+01,1.16675035745119893e-01,1.93779219396238354e+01,4.57351533798979304e+00
10198,1,7.20034005135032196e+00,1,4.20445339899999999e+03,8.38047871915890319e+00,1.17194241211044901e+01,1.15219098272159537e-01,1.93643414433645091e+01,4.55993484173046681e+00
10258,1,1.12302364929582925e+01,1,4.22822590599999967e+03,8.28097681504183925e+00,1.19645232253531510e+01,1.18379896188842620e-01,1.94557765138263328e+01,4.65136991219229046e+00
10318,1,2.77172482207211921e+01,1,4.25204913300000044e+03,8.24958489342664514e+00,1.20552570563353516e+01,1.24127570565535666e-01,1.94325911908805438e+01,4.62818458924650145e+00
10378,1,1.82217747372241448e+01,1,4.26849235299999964e+03,8.15351211575641344e+00,1.21005868575515567e+01,9.91243803344755148e-02,1.90552387196636204e+01,4.25083211802957806e+00
10438,1,2.73476084167405347e+01,0,4.27374248400000033e+03,7.86024038996255836e+00,1.26852479090084866e+01,8.83341281382604426e-02,1.84768337214702392e+01,3.67242711983619685e+00
10498,1,4.04554979188980255e+01,1,4.29765960900000027e+03,8.12903541472306657e+00,1.22933735270080220e+01,9.55076631021216371e-02,1.92850666142128375e+01,4.48066001257879520e+00
10558,1,4.37826514016226085e+01,1,4.32176546099999996e+03,8.09281146463923662e+00,1.23311444812241380e+01,8.45997298639261930e-02,1.90539502630279642e+01,4.24954366139392192e+00
10618,1,2.87404378867071024e+01,1,4.34561029099999996e+03,8.08576584644752572e+00,1.23820832598177244e+01,8.51674124220501427e-02,1.90945852807416507e+01,4.29017867910760842e+00
10678,1,4.17860780532471097e+01,1,4.36938697200000024e+03,8.25436963628451004e+00,1.19700625348120457e+01,8.19314903907822356e-02,1.91106347248929929e+01,4.30622812325895055e+00
10738,1,9.35412275498281076e+00,1,4.38568007699999998e+03,8.04664858052511711e+00,1.23332547386828235e+01,8.16080178818302804e-02,1.86001219177658541e+01,3.79571531613181179e+00
10798,1,3.38543189291900646e+01,1,4.40945686800000021e+03,8.30168312664624786e+00,1.19270096694974850e+01,8.61949539684433719e-02,1.92459527083021875e+01,4.44154610666814520e+00
10858,1,4.92495262659940636e+01,1,4.43336703599999964e+03,8.16431998644769585e+00,1.21831361880098790e+01,7.03527596613603146e-02,1.89116943621033826e+01,4.10728776046934030e+00
10918,1,1.40623246823377883e+01,1,4.45691998299999977e+03,8.22747284717620886e+00,1.20749564314022901e+01,7.24633925521478151e-02,1.90328198690575725e+01,4.22841326742353019e+00
10978,1,8.29459463457897783e+00,1,4.47671321499999976e+03,8.31026643257878384e+00,1.18626503144407458e+01,6.90301564222934594e-02,1.85958294993837363e+01,3.79142289774969399e+00
11038,1,5.04903454735471513e+01,1,4.50043198099999972e+03,8.21086211389393128e+00,1.21307774215962265e+01,6.77625328860024245e-02,1.89551263777944179e+01,4.15071977616037557e+00
11098,1,5.46853375170290903e+01,0,4.50565721000000030e+03,8.39734452117943420e+00,1.15674410429821428e+01,7.07162192759739072e-02,1.88886171762073651e+01,4.08421057457332282e+00
11158,1,5.80031107185717261e+01,0,4.51083427300000039e+03,8.11428146096688785e+00,1.21787737108012077e+01,6.11602119224416707e-02,1.85698022552636317e+01,3.76539565362958939e+00
11218,1,1.55560021538675954e+01,1,4.52706642999999985e+03,8.35905511553773550e+00,1.17588373128536663e+01,7.27111729323434708e-02,1.89335697776343110e+01,4.12916317600026872e+00
11278,1,3.29831832399373468e+01,1,4.54341503699999976e+03,8.23984344971821514e+00,1.19226258935989033e+01,6.60750637824169540e-02,1.86286908061261549e+01,3.82428420449211259e+00
11338,1,1.53893619138556872e+01,1,4.56337651800000003e+03,8.27376266517196157e+00,1.20155180333057299e+01,6.68419270069971760e-02,1.87396873915465179e+01,3.93528078991247554e+00
11398,1,1.87875026550215622e+01,1,4.57973880999999983e+03,8.32763437989696520e+00,1.16976076333245800e+01,7.36149332443666038e-02,1.87413823266583286e+01,3.93697572502428628e+00
11458,1,2.76120414905393403e+01,1,4.59607183499999974e+03,8.15521448410111383e+00,1.21730341327993035e+01,7.25137647497728632e-02,1.86979340281202369e+01,3.89352742648619454e+00
11518,1,1.30437663058877433e+01,1,4.61231063499999982e+03,8.39570385782756112e+00,1.16554205371300554e+01,7.87420501807193918e-02,1.90173496277087466e+01,4.21294302607470428e+00
11578,1,4.25159147086042282e+01,1,4.63617265700000007e+03,8.15787666502321152e+00,1.22234359178924858e+01,7.13078515863954376e-02,1.89196744273351776e+01,4.11526782570113525e+00
11638,1,1.40463577354136575e+01,1,4.65979455200000029e+03,8.22747400029524556e+00,1.20749552123383115e+01,7.24633925521478151e-02,1.90328198690575725e+01,4.22841326742353019e+00
11698,1,3.24967975245790441e+01,1,4.68360142100000030e+03,8.18962447151630890e+00,1.21036328755961922e+01,7.81884200707860244e-02,1.90235683332269971e+01,4.21916173159295482e+00
11758,1,2.76955333920731270e+01,1,4.70713171200000033e+03,8.10630017636819389e+00,1.23715270082055184e+01,7.91040715309919429e-02,1.90072737553837037e+01,4.20286715374966136e+00
11818,1,1.82441619263629207e+01,1,4.72347911899999963e+03,8.21305522239792474e+00,1.19103428078889895e+01,9.13189143418205174e-02,1.88988724688324687e+01,4.09446586719842642e+00
11878,1,1.24880559241702827e-01,0,4.72874642599999970e+03,7.87589917107882531e+00,1.26522935398403682e+01,8.20327095140526430e-02,1.84402910617945288e+01,3.63588446016048650e+00
11938,1,3.21543166259303845e+01,1,4.75267279599999983e+03,8.18217921412688654e+00,1.21527017490278837e+01,8.73378768693935936e-02,1.92094192271072686e+01,4.40501262547322625e+00
11998,1,7.70555988149301641e+00,1,4.77251609600000029e+03,8.05104649761551627e+00,1.24608325870721863e+01,9.38775997147650865e-02,1.87095889839799874e+01,3.90518238234594506e+00
12058,1,4.41032373679075747e+01,1,4.79616771700000027e+03,8.04634711964816063e+00,1.25014062093286675e+01,9.42519930801461459e-02,1.92005589605210716e+01,4.39615235888702927e+00
12118,1,4.04554979188978123e+01,1,4.81964450599999964e+03,8.12903541472306657e+00,1.22933735270080202e+01,9.55076631021216371e-02,1.92850666142128375e+01,4.48066001257879520e+00
12178,1,2.73476084167404849e+01,0,4.82483395800000017e+03,7.86024038996255925e+00,1.26852479090084849e+01,8.83341281382604426e-02,1.84768337214702392e+01,3.67242711983619685e+00
12238,1,1.82217747372241092e+01,1,4.84111431799999991e+03,8.15351211575641344e+00,1.21005868575515567e+01,9.91243803344755148e-02,1.90552387196636204e+01,4.25083211802957806e+00
12298,1,4.81721568028620339e+01,1,4.86477114400000028e+03,8.06824322361240043e+00,1.24276408072567097e+01,8.60423146206119038e-02,1.90884852216869021e+01,4.28407862005285978e+00
12358,1,4.01473492372131844e+01,1,4.88853109000000040e+03,8.13554966572758609e+00,1.22283890040915804e+01,8.55424301182051705e-02,1.90979906008463871e+01,4.29358399921234479e+00
12418,1,1.23194540055927781e+01,1,4.91212474500000008e+03,8.17296981649326959e+00,1.21864393505296000e+01,7.82409120577842176e-02,1.90693882788315889e+01,4.26498167719754662e+00
12478,1,4.83870489499054841e+01,1,4.93595799600000009e+03,8.11384901846537154e+00,1.22929051256249053e+01,7.68175268404849287e-02,1.89617135506004892e+01,4.15730694896644692e+00
12538,1,3.90000972178571317e+01,1,4.95969412699999975e+03,8.36487618041213032e+00,1.18039964572375364e+01,8.17865292871796656e-02,1.92244650119800866e+01,4.42005841034604430e+00
12598,1,1.11566683840718497e+01,1,4.97606706500000018e+03,8.09851941387205443e+00,1.22301235685712122e+01,7.52590482700362384e-02,1.86163723482332699e+01,3.81196574659922760e+00
12658,1,8.47976469921114528e-01,1,4.99617863300000045e+03,8.32011903385730633e+00,1.18366155453792334e+01,7.69186931157933018e-02,1.86926451289611606e+01,3.88823852732711828e+00
12718,1,3.27069047208500763e+01,1,5.01955461000000014e+03,8.23353484427210347e+00,1.20762096237532681e+01,6.73342322603550092e-02,1.89727132682339068e+01,4.16830666659986449e+00
12778,1,3.22535704157108682e+00,1,5.03963510399999996e+03,8.25147911476411622e+00,1.19904881880420895e+01,6.65587072620502374e-02,1.85017766195175142e+01,3.69737001788347186e+00
12838,1,1.55560021538674107e+01,1,5.05588453300000037e+03,8.35905511553773550e+00,1.17588373128536663e+01,7.27111729323434708e-02,1.89335697776343110e+01,4.12916317600026872e+00
12898,1,5.80031107185715982e+01,0,5.06106709200000023e+03,8.11428146096688785e+00,1.21787737108012060e+01,6.11602119224416707e-02,1.85698022552636353e+01,3.76539565362959294e+00
12958,1,5.46853375170289624e+01,0,5.06629727000000003e+03,8.39734452117943420e+00,1.15674410429821410e+01,7.07162192759739072e-02,1.88886171762073616e+01,4.08421057457331926e+00
13018,1,2.18437560792693901e+01,1,5.08262450900000022e+03,8.19773143575234542e+00,1.20821276621325815e+01,6.73691789000111230e-02,1.87264899491316115e+01,3.92208334749756915e+00
13078,1,8.14318883997965770e+00,0,5.08778565799999978e+03,8.19078530581119857e+00,1.19221782877121711e+01,5.80828210121709654e-02,1.85311103548180043e+01,3.72670375318396196e+00
13138,1,3.05006409549684427e+01,1,5.11158411799999976e+03,8.28223579436441604e+00,1.19732530884151682e+01,6.90334132526543576e-02,1.90359438782987347e+01,4.23153727666469237e+00
13198,1,2.40470178749241370e-01,1,5.12774263200000041e+03,8.12677465065621085e+00,1.21151712671164589e+01,6.71352434458809821e-02,1.85113998819432943e+01,3.70699328030925201e+00
13258,1,5.00658481183389625e+00,1,5.14751892700000008e+03,8.37912704282426368e+00,1.17538989288494058e+01,8.10104041046838252e-02,1.89897240889647811e+01,4.18531748733073883e+00
13318,1,5.69402451401155218e+00,1,5.16385030800000004e+03,8.08965106332329320e+00,1.22753896670717229e+01,7.68518717548915264e-02,1.86772174723133908e+01,3.87281087067934848e+00
13378,1,4.36704185534226497e+00,1,5.18389678499999991e+03,8.32616052298076426e+00,1.18121201898845172e+01,7.64346564245537152e-02,1.86831287054836501e+01,3.87872210384960781e+00
13438,1,1.13043498885314051e+01,1,5.20737646299999960e+03,8.12687787078933788e+00,1.23045248940886083e+01,7.77977230868885372e-02,1.90156366494447546e+01,4.21123004781071231e+00
13498,1,2.92730033236996832e+01,1,5.23084185700000035e+03,8.13707830103304985e+00,1.22416981498557806e+01,7.73745400229953750e-02,1.89739410279803593e+01,4.16953442634631699e+00
13558,1,3.21543166259300222e+01,1,5.25448945199999980e+03,8.18217921412688654e+00,1.21527017490278837e+01,8.73378768693935936e-02,1.92094192271072686e+01,4.40501262547322625e+00
13618,1,1.24880559241375977e-01,0,5.25969195200000013e+03,7.87589917107882531e+00,1.26522935398403682e+01,8.20327095140526430e-02,1.84402910617945288e+01,3.63588446016048650e+00
13678,1,1.82441619263629278e+01,1,5.27587966599999982e+03,8.21305522239792651e+00,1.19103428078889895e+01,9.13189143418205451e-02,1.88988724688324723e+01,4.09446586719842998e+00
13738,1,4.77773999032704211e+00,1,5.29204006899999968e+03,7.97013410739663630e+00,1.25604968380503923e+01,9.65656901485412444e-02,1.88819350165704556e+01,4.07752841493641327e+00
13798,1,4.29976128690132953e+00,1,5.31220033899999999e+03,8.08981931103268259e+00,1.23432745916125750e+01,9.37918085234724919e-02,1.87454593639227660e+01,3.94105276228872370e+00
